﻿<?xml version="1.0" encoding="utf-8" ?>
<Devices>
		<device name="ATtiny13" model="AVR8;tinyAVR" specs="P;1;64;64;Y;6;;;;;1;;2;4;;Y;;1.8 - 5.5V;20;PDIP8, SOIC8, QFN20, QFN10;Y;-40°C to +85°C "/>
		<device name="ATtiny2313" model="AVR8;tinyAVR" specs="P;2;128;128;;18;1;1;;;1;1;4;;;Y;;1.8 - 5.5V;10;PDIP20, SOIC20, QFN20;Y ;-40°C to +85°C "/>
		<device name="ATtiny24" model="AVR8;tinyAVR" specs="P;2;128;128;;12;;1;;;1;1;4;8;Y;Y;;1.8/2.7 - 5.5V;10/20;PDIP14, SOIC14, QFN20;Y;-40°C to +85°C"/>
		<device name="ATtiny25" model="AVR8;tinyAVR" specs="P;2;128;128;;16;;1;;;2;;2;11;Y;;;2.7/4.5 - 5.5V;8/16;PDIP20, SOIC20, QFN32;Y;-40°C to +85°C"/>
		<device name="ATtiny26" model="AVR8;tinyAVR" specs="P;2;128;128;;16;;1;;;2;;2;11;Y;;;2.7/4.5 - 5.5V;8/16;PDIP20, SOIC20, QFN32;Y;-40°C to +85°C"/>
		<device name="ATtiny261" model="AVR8;tinyAVR" specs="P;2;128;128;;16;;1;;;1(c);1;5(e);11;Y;Y;;1.8/2.7 - 5.5V;10/20;PDIP20, SOIC20, QFN32;Y;-40°C to +85°C"/>
		<device name="ATtiny28" model="AVR8;tinyAVR" specs="P;2;;(b);;11;;;;;1;;;;;;1.8/2.7 - 5.5V;4;PDIP28, QFN32, TQFP32;Y;-40°C to +85°C"/>
		<device name="ATtiny44" model="AVR8;tinyAVR" specs="P;4;256;256;Y;12;;1;;;1;1;4;8;Y;Y;;1.8 - 5.5V;10;PDIP14, SOIC14, QFN20 , VQFN20;Y;-40°C to +85°C"/>
		<device name="ATtiny45" model="AVR8;tinyAVR" specs="P;4;256;256;;6;;1;;;2(c);;4(d);4;Y;Y;;1.8/2.7 - 5.5V;10/20;PDIP8, SOIC8, QFN20;Y;-40°C to +85°C"/>
		<device name="ATtiny45" model="AVR8;tinyAVR" specs="P;4;256;256;;6;;1;;;2(c);;4(d);4;Y;Y;;1.8/2.7 - 5.5V;10/20;PDIP8, SOIC8, QFN20;Y;-40°C to +85°C"/>
		<device name="ATtiny461" model="AVR8;tinyAVR" specs="P;4;256;256;;16;;1;;;1(c);1;5(e);11;Y;Y;;1.8/2.7 - 5.5V;10/20;PDIP20, SOIC20, QFN32;Y;-40°C to +85°C"/>
		<device name="ATtiny48" model="AVR8;tinyAVR" specs="P;4;64;256;Y;28(g);;;;1;1;1;2;8;;Y;;1.8 - 5.5V;12;PDIP28, QFN32/28, TQFP32;Y;-40°C to +85°C"/>
		<device name="ATtiny84" model="AVR8;tinyAVR" specs="P;8;512;512;;12;;1;;;1;1;4;8;Y;Y;;2.7 - 5.5V;20;PDIP14, QFN20;Y;-40°C to +85°C"/>
		<device name="ATtiny85" model="AVR8;tinyAVR" specs="P;8;512;512;;6;;1;;;2(c);;4(d);4;Y;Y;;1.8/2.7 - 5.5V;10/20;PDIP8, SOIC8, QFN20;Y;-40°C to +85°C"/>
		<device name="ATtiny861" model="AVR8;tinyAVR" specs="P;8;512;512;;16;;1;;;1(c);1;5(e);11;Y;Y;;1.8/2.7 - 5.5V;20;PDIP20, SOIC20, QFN32;Y;-40°C to +85°C"/>
		<device name="ATtiny88" model="AVR8;tinyAVR" specs="P;8;64;512;Y;28(g);;;;1;1;1;2;8;;Y;;1.8 - 5.5V;12;PDIP28, QFN32/28, TQFP32;Y;-40°C to +85°C"/>
		<device name="ATmega48" model="AVR8;megaAVR" specs="P;4;256;512;Y;23;1;;1+USART;Y;2;1;6;8;;Y;;1.8 - 5.5V;20;TQFP32, QFN32, PDIP28;Y;-40°C to +85°C"/>
		<device name="ATmega88" model="AVR8;megaAVR" specs="P;8;512;1K;Y;23;1;;1+USART;Y;2;1;6;8;;Y;;1.8 - 5.5V;20;TQFP32, QFN32, PDIP28;Y;-40°C to +85°C"/>
		<device name="ATmega88P" model="AVR8;megaAVR" specs="P;8;512;1K;Y;23;1;;1+USART;Y;2;1;6;8;;Y;;1.8 - 5.5V;20;TQFP32, QFN32, PDIP28;Y;-40°C to +85°C"/>
		<device name="ATmega8515" model="AVR8;megaAVR" specs="P;8;512;512;;35;1;;1;;1;1;3;;;;;4.5 - 5.5V;16;TQFP44, PLCC44, QFN44, PDIP40;Y;-40°C to +85°C"/>
		<device name="ATmega8535" model="AVR8;megaAVR" specs="P;8;512;512;;32;1;;1;Y;2;1;4;8;Y;;;4.5 - 5.5V;16;TQFP44, PLCC44, QFN44, PDIP40;Y;-40°C to +85°C"/>
		<device name="ATmega162A" model="AVR8;megaAVR" specs="P;16;512;1K;;32;1;;;1;Y;2;1;4;8;Y;;Y;2.7 - 5.5V;16;TQFP44, QFN44, PDIP40;Y;-40°C to +85°C"/>
		<device name="ATmega162" model="AVR8;megaAVR" specs="P;16;512;1K;;35;2;;1;;2;2;6;;;;Y;2.7 - 5.5V;16;TQFP44, QFN44, PDIP40;Y;-40°C to +85°C"/>
		<device name="ATmega164P" model="AVR8;megaAVR" specs="P;16;512;1K;Y;32;2;;1+USART;Y;2;1;6;8;Y;;Y;2.7 - 5.5V;20;TQFP44, QFN44, PDIP40;Y;-40°C to +85°C"/>
		<device name="ATmega165P" model="AVR8;megaAVR" specs="P;16;512;1K;Y;54;1;1;1+USI;USI;2;1;4;8;;;Y;2.7 - 5.5V;16;TQFP64, QFN64;Y;-40°C to +85°C"/>
		<device name="ATmega168" model="AVR8;megaAVR" specs="P;16;512;1K;;23;1;;1+USART;Y;2;1;6;8(c);;Y;;2.7 - 5.5V;20;TQFP32, QFN32, PDIP28;Y;-40°C to +85°C"/>
		<device name="ATmega168P" model="AVR8;megaAVR" specs="P;16;512;1K;Y;23;1;;1+USART;Y;2;1;6;8;;Y;;2.7 - 5.5V;20;TQFP32, QFN32, PDIP28;Y;-40°C to +85°C"/>
		<device name="ATmega32" model="AVR8;megaAVR" specs="P;32;1K;2K;;32;1;;1;Y;2;1;4;8;Y;;Y;2.7 - 5.5V;16;TQFP44, QFN44, PDIP40;Y;-40°C to +85°C"/>
		<device name="ATmega324P" model="AVR8;megaAVR" specs="P;32;1K;2K;Y;32;2;;1+USART;Y;2;1;6;8;Y;;Y;1.8 - 5.5V;20;TQFP44, QFN44, PDIP40;Y;-40°C to +85°C"/>
		<device name="ATmega325" model="AVR8;megaAVR" specs="P;32;1K;2K;;54;1;1;1+USI;USI;2;1;4;8;;;Y;2.7 - 5.5V;16;TQFP64, QFN64;Y;-40°C to +85°C"/>
		<device name="ATmega325P" model="AVR8;megaAVR" specs="I;32;1K;2K;Y;54;1;1;1+USI;USI;2;1;4;8;;;Y;2.7 - 5.5V;20;TQFP64, QFN64;Y;-40°C to +85°C"/>
		<device name="ATmega3250" model="AVR8;megaAVR" specs="I;32;1K;2K;;69;1;1;1+USI;USI;2;1;4;8;;;Y;2.7 - 5.5V;16;TQFP100;Y;-40°C to +85°C"/>
		<device name="ATmega328p" model="AVR8;megaAVR" specs="I;32;1K;2K;Y;23;1;;1+USART;Y;2;1;6;8;;Y;;1.8-5.5V;20;TQFP32, QFN32, PDIP28;Y;-40°C to +85°C"/>
		<device name="ATmega64" model="AVR8;megaAVR" specs="P;64;2K;4K;;54;2;;;1;Y;2;2;6+2;8;Y;;Y;4.5 - 5.5V;16;TQFP64, QFN64;Y;-40°C to +85°C"/>
		<device name="ATmega640" model="AVR8;megaAVR" specs="P;64;4K;8K;;86;4;;1+USART;Y;2;4;12+4;16;Y;;Y;2.7 - 5.5V;16;TQFP100, CBGA100;Y;-40°C to +85°C"/>
		<device name="ATmega644" model="AVR8;megaAVR" specs="P;64;2K;4K;;32;1;;1+USART;Y;2;1;6;8;Y;;Y;2.7 - 5.5V;20;TQFP44, QFN44, PDIP40;Y;-40°C to +85°C"/>
		<device name="ATmega644P" model="AVR8;megaAVR" specs="P;64;2K;4K;Y;32;2;;1+USART;Y;2;1;6;8;Y;;Y;2.7 - 5.5V;20;TQFP44, QFN44, PDIP40;Y;-40°C to +85°C"/>
		<device name="ATmega645" model="AVR8;megaAVR" specs="P;64;2K;4K;;54;1;1;1+USI;USI;2;1;4;8;;;Y;2.7 - 5.5V;16;TQFP64, QFN64;Y;-40°C to +85°C"/>
		<device name="ATmega6450" model="AVR8;megaAVR" specs="I;64;2K;4K;;69;1;1;1+USI;USI;2;1;4;8;;;Y;2.7 - 5.5V;16;TQFP100;Y;-40°C to +85°C"/>
		<device name="ATmega649" model="AVR8;megaAVR" specs="I;64;2K;4K;;69;1;1;1+USI;USI;2;1;4;8;;;Y;2.7 - 5.5V;16;TQFP100;Y;-40°C to +85°C"/>
		<device name="ATmega6490" model="AVR8;megaAVR" specs="I;64;2K;4K;;69;1;1;1+USI;USI;2;1;4;8;;;Y;2.7 - 5.5V;16;TQFP100;Y;-40°C to +85°C"/>
		<device name="ATmega1248P" model="AVR8;megaAVR" specs="I;128;4K;16K;Y;32;2;;1+USART;Y;1;2;6;8;Y;;Y;1.8 - 5.5V;20;TQFP44, QFN44, PDIP40;Y;-40°C to +85°C"/>
		<device name="ATmega128" model="AVR8;megaAVR" specs="P;128;4K;4K;;53;2;;1;Y;2;2;6+2;8;Y;;Y;4.5 - 5.5V;16;TQFP64, QFN64;Y;-40°C to +85°C"/>
		<device name="ATmega1280" model="AVR8;megaAVR" specs="P;128;4K;8K;;86;4;;1+USART;Y;2;4;12+4;16;Y;;Y;2.7 - 5.5V;16;TQFP100, CBGA100;Y;-40°C to +85°C"/>
		<device name="ATmega1281" model="AVR8;megaAVR" specs="P;128;4K;8K;;54;2;;1+USART;Y;2;4;6+4;8;Y;;Y;2.7 - 5.5V;16;TQFP64, QFN64;Y;-40°C to +85°C"/>
		<device name="ATmega1284P" model="AVR8;megaAVR" specs="P;128;4K;8K;;54;2;;1+USART;Y;2;4;6+4;8;Y;;Y;2.7 - 5.5V;16;TQFP64, QFN64;Y;-40°C to +85°C"/>
		<device name="ATmega2560" model="AVR8;megaAVR" specs="P;256;4K;8K;;86;4;;1+USART;Y;2;4;12+4;16;Y;;Y;4.5 - 5.5V;16;TQFP100, CBGA100;Y;-40°C to +85°C"/>
		<device name="ATmega2561" model="AVR8;megaAVR" specs="P;256;4K;8K;;54;2;;1+USART;Y;2;4;6+4;8;Y;;Y;4.5 - 5.5V;16;TQFP64, QFN64;Y;-40°C to +85°C"/>
		<device name="ATxmega64A1" model= "AVR8_XMEGA;AVR XMEGA" specs="P;64;4;2;4;Y;4;8;78;8;24;Y;;4;4;8;2x8;2x2;4;122;78;Y;Y;1.6 - 3.6;32;TQFP100, BGA100;-40°C to +85°C"/>
		<device name="ATxmega128A1" model= "AVR8_XMEGA;AVR XMEGA" specs="P;128;8;2;8;Y;4;8;78;8;24;Y;;4;4;8;2x8;2x2;4;122;78;Y;Y;1.6 - 3.6;32;TQFP100, BGA100;-40°C to +85°C"/>
		<device name="ATxmega192A1" model= "AVR8_XMEGA;AVR XMEGA" specs="F;192;8;4;16;Y;4;8;78;8;24;Y;;4;4;8;2x8;2x2;4;122;78;Y;Y;1.6 - 3.6;32;TQFP100, BGA100;-40°C to +85°C"/>
		<device name="ATxmega256A1" model= "AVR8_XMEGA;AVR XMEGA" specs="F;256;8;4;16;Y;4;8;78;8;24;Y;;4;4;8;2x8;2x2;4;122;78;Y;Y;1.6 - 3.6;32;TQFP100, BGA100;-40°C to +85°C"/>
		<device name="ATxmega384A1" model= "AVR8_XMEGA;AVR XMEGA" specs="F;384;8;4;32;Y;4;8;78;8;24;Y;;4;4;8;2x8;2x2;4;122;78;Y;Y;1.6 - 3.6;32;TQFP100, BGA100;-40°C to +85°C"/>
		<device name="ATxmega64A3" model= "AVR8_XMEGA;AVR XMEGA" specs="I;64;4;2;4;Y;4;8;50;7;22;Y;;3;2;7;2x8;1x2;4;102;50;Y;Y;1.6 - 3.6;32;TQFP64, QFN64;-40°C to +85°C"/>
		<device name="ATxmega128A3" model= "AVR8_XMEGA;AVR XMEGA" specs="I;128;8;2;8;Y;4;8;50;7;22;Y;;3;2;7;2x8;1x2;4;102;50;Y;Y;1.6 - 3.6;32;TQFP64, QFN64;-40°C to +85°C"/>
		<device name="ATxmega192A3" model= "AVR8_XMEGA;AVR XMEGA" specs="I;192;8;4;16;Y;4;8;50;7;22;Y;;3;2;7;2x8;1x2;4;102;50;Y;Y;1.6 - 3.6;32;TQFP64, QFN64;-40°C to +85°C"/>
		<device name="ATxmega256A3B" model= "AVR8_XMEGA;AVR XMEGA" specs="I;256;8;4;16;Y;4;8;49;7;22;;Y;3;2;6;2x8;1x2;4;102;49;Y;Y;1.6 - 3.6;32;TQFP64, QFN64;-40°C to +85°C"/>
		<device name="ATxmega256A3" model= "AVR8_XMEGA;AVR XMEGA" specs="I;256;8;4;16;Y;4;8;50;7;22;Y;;3;2;7;2x8;1x2;4;102;50;Y;Y;1.6 - 3.6;32;TQFP64, QFN64;-40°C to +85°C"/>
		<device name="ATxmega16A4" model= "AVR8_XMEGA;AVR XMEGA" specs="I;16;4;1;2;Y;4;8;34;5;16;Y;;2;2;5;1x12;1x2;2;77;34;;Y;1.6 - 3.6;32;TQFP44, QFN44, VFBGA49;-40°C to +85°C"/>
		<device name="ATxmega32A4" model= "AVR8_XMEGA;AVR XMEGA" specs="I;32;4;1;4;Y;4;8;34;5;16;Y;;2;2;5;1x12;1x2;2;77;34;;Y;1.6 - 3.6;32;TQFP44, QFN44, VFBGA49;-40°C to +85°C"/>
		<device name="ATxmega64A4" model= "AVR8_XMEGA;AVR XMEGA" specs="F;64;4;2;4;Y;4;8;34;5;16;Y;;2;2;5;1x12;1x2;2;77;34;;Y;1.6 - 3.6;32;TQFP44, QFN44, VFBGA49;-40°C to +85°C"/>
		<device name="ATxmega128A4" model= "AVR8_XMEGA;AVR XMEGA" specs="F;128;4;2;8;Y;4;8;34;5;16;Y;;2;2;5;1x12;1x2;2;77;34;;Y;1.6 - 3.6;32;TQFP44, QFN44, VFBGA49;-40°C to +85°C"/>
</Devices>