﻿<?xml version="1.0" encoding="utf-8" ?>
<Devices>
		<device name="ATtiny13" model="AVR8;tinyAVR" pins="8-PDIP_SOIC;10-QFN_MLF;20-QFN_MLF" path = "devices\pins\tiny13\"/>
		<device name="ATtiny2313" model="AVR8;tinyAVR" pins="PDIP_SOIC;MLF_VQFN" path = "devices\pins\tiny2313\"/>
		<device name="ATtiny24" model="AVR8;tinyAVR" pins="PDIP;QFN_MLF" path = "\devices\pins\tiny24_44_84\"/>
		<device name="ATtiny25" model="AVR8;tinyAVR" pins="PDIP_SOIC_TSSOP;QFN_MLF" path = "devices\pins\tiny25_45_85\"/>
		<device name="ATtiny26" model="AVR8;tinyAVR" pins="PDIP_SOIC;MLF TOP VIEW" path = "devices\pins\tiny26\"/>
		<device name="ATtiny261" model="AVR8;tinyAVR" pins="PDIP_SOIC;QFN_MLF" path = "devices\pins\tiny261_461_861\"/>
		<device name="ATtiny28" model="AVR8;tinyAVR" pins="PDIP;TQFP_QFN_MLF" path = "devices\pins\tiny28\"/>
		<device name="ATtiny44" model="AVR8;tinyAVR" pins="PDIP;QFN_MLF" path = "\devices\pins\tiny24_44_84\"/>
		<device name="ATtiny45" model="AVR8;tinyAVR" pins="PDIP_SOIC_TSSOP;QFN_MLF" path = "devices\pins\tiny25_45_85\"/>
		<device name="ATtiny461" model="AVR8;tinyAVR" pins="PDIP_SOIC;QFN_MLF" path = "devices\pins\tiny261_461_861\"/>
		<device name="ATtiny48" model="AVR8;tinyAVR" pins="PDIP;28 QFN TOP VIEW;32 QFN TOP VIEW;TQFP TOP VIEW" path = "devices\pins\tiny48\"/>
		<device name="ATtiny84" model="AVR8;tinyAVR" pins="PDIP;QFN_MLF" path = "\devices\pins\tiny24_44_84\"/>
		<device name="ATtiny85" model="AVR8;tinyAVR" pins="PDIP_SOIC_TSSOP;QFN_MLF" path = "devices\pins\tiny25_45_85\"/>
		<device name="ATtiny861" model="AVR8;tinyAVR" pins="PDIP_SOIC;QFN_MLF" path = "devices\pins\tiny261_461_861\"/>
		<device name="ATtiny88" model="AVR8;tinyAVR" pins=""/>
		<device name="ATmega48" model="AVR8;megaAVR" pins=""/>
		<device name="ATmega88" model="AVR8;megaAVR" pins="TQFP;MLF 28;MLF 32;PDIP" path = "devices\pins\mega328\"/>
		<device name="ATmega88P" model="AVR8;megaAVR" pins="TQFP;MLF 28;MLF 32;PDIP" path = "devices\pins\mega328\"/>
		<device name="ATmega8515" model="AVR8;megaAVR" pins="PDIP;PLCC;TQFP_MLF" path = "devices\pins\mega8515\"/>
		<device name="ATmega8535" model="AVR8;megaAVR" pins="PDIP;PLCC;TQFP_MLF" path = "devices\pins\mega8535\"/>
		<device name="ATmega162A" model="AVR8;megaAVR" pins="PDIP;TQFP_MLF" path = "devices\pins\mega162\"/>
		<device name="ATmega162" model="AVR8;megaAVR" pins="PDIP;TQFP_MLF" path = "devices\pins\mega162\"/>
		<device name="ATmega164P" model="AVR8;megaAVR" pins="PDIP;DRQFN;TQFP_MLF_QFN" path = "devices\pins\mega164_324_644_1284\"/>
		<device name="ATmega165P" model="AVR8;megaAVR" pins=""/>
		<device name="ATmega168" model="AVR8;megaAVR" pins="TQFP;MLF 28;MLF 32;PDIP" path = "devices\pins\mega328\"/>
		<device name="ATmega168P" model="AVR8;megaAVR" pins="TQFP;MLF 28;MLF 32;PDIP" path = "devices\pins\mega328\"/>
		<device name="ATmega32" model="AVR8;megaAVR" pins="PDIP;TQFP_MLF" path = "devices\pins\mega32\"/>
		<device name="ATmega324P" model="AVR8;megaAVR" pins="PDIP;DRQFN;TQFP_MLF_QFN" path = "devices\pins\mega164_324_644_1284\"/>
		<device name="ATmega325" model="AVR8;megaAVR" pins="MLF_QFN;QFN_MLF" path = "devices\pins\mega325_3250_645_6450\"/>
		<device name="ATmega325P" model="AVR8;megaAVR" pins="MLF_QFN;QFN_MLF" path = "devices\pins\mega325_3250_645_6450\"/>
		<device name="ATmega3250" model="AVR8;megaAVR" pins="MLF_QFN;QFN_MLF" path = "devices\pins\mega325_3250_645_6450\"/>
		<device name="ATmega328p" model="AVR8;megaAVR" pins="TQFP;MLF 28;MLF 32;PDIP" path = "devices\pins\mega328\"/>
		<device name="ATmega64" model="AVR8;megaAVR" pins=""/>
		<device name="ATmega640" model="AVR8;megaAVR" pins="TQFP;BGA" path = "devices\pins\mega640_1280_1281_2560_2561\"/>
		<device name="ATmega644" model="AVR8;megaAVR" pins="PDIP;DRQFN;TQFP_MLF_QFN" path = "devices\pins\mega164_324_644_1284\"/>
		<device name="ATmega644P" model="AVR8;megaAVR" pins="PDIP;DRQFN;TQFP_MLF_QFN" path = "devices\pins\mega164_324_644_1284\"/>
		<device name="ATmega645" model="AVR8;megaAVR" pins="MLF_QFN;QFN_MLF" path = "devices\pins\mega325_3250_645_6450\"/>
		<device name="ATmega6450" model="AVR8;megaAVR" pins="MLF_QFN;QFN_MLF" path = "devices\pins\mega325_3250_645_6450\"/>
		<device name="ATmega649" model="AVR8;megaAVR" pins=""/>
		<device name="ATmega6490" model="AVR8;megaAVR" pins=""/>
		<device name="ATmega1248P" model="AVR8;megaAVR" pins=""/>
		<device name="ATmega128" model="AVR8;megaAVR" pins="TQFP_MLF" path = "devices\pins\mega128\"/>
		<device name="ATmega1280" model="AVR8;megaAVR" pins="TQFP;BGA" path = "devices\pins\mega640_1280_1281_2560_2561\"/>
		<device name="ATmega1281" model="AVR8;megaAVR" pins="TQFP;BGA" path = "devices\pins\mega640_1280_1281_2560_2561\"/>
		<device name="ATmega1284P" model="AVR8;megaAVR" pins="PDIP;TQFP_QFN_MLF" path = "devices\pins\mega1284\"/>
		<device name="ATmega2560" model="AVR8;megaAVR" pins="TQFP;BGA" path = "devices\pins\mega640_1280_1281_2560_2561\"/>
		<device name="ATmega2561" model="AVR8;megaAVR" pins="TQFP;BGA" path = "devices\pins\mega640_1280_1281_2560_2561\"/>
		<device name="ATxmega64A1" model= "AVR8_XMEGA;AVR XMEGA" pins="TQFP;BGA_CBGA" path = "devices\pins\xmega64_128\"/>
		<device name="ATxmega128A1" model= "AVR8_XMEGA;AVR XMEGA" pins="TQFP;BGA_CBGA" path = "devices\pins\xmega64_128\"/>
		<device name="ATxmega192A1" model= "AVR8_XMEGA;AVR XMEGA" pins=""/>
		<device name="ATxmega256A1" model= "AVR8_XMEGA;AVR XMEGA" pins=""/>
		<device name="ATxmega384A1" model= "AVR8_XMEGA;AVR XMEGA" pins=""/>
		<device name="ATxmega64A3" model= "AVR8_XMEGA;AVR XMEGA" pins=""/>
		<device name="ATxmega128A3" model= "AVR8_XMEGA;AVR XMEGA" pins=""/>
		<device name="ATxmega192A3" model= "AVR8_XMEGA;AVR XMEGA" pins=""/>
		<device name="ATxmega256A3B" model= "AVR8_XMEGA;AVR XMEGA" pins=""/>
		<device name="ATxmega256A3" model= "AVR8_XMEGA;AVR XMEGA" pins=""/>
		<device name="ATxmega16A4" model= "AVR8_XMEGA;AVR XMEGA" pins=""/>
		<device name="ATxmega32A4" model= "AVR8_XMEGA;AVR XMEGA" pins=""/>
		<device name="ATxmega64A4" model= "AVR8_XMEGA;AVR XMEGA" pins=""/>
		<device name="ATxmega128A4" model= "AVR8_XMEGA;AVR XMEGA" pins=""/>
</Devices>